Sales,Statistics
123,
150,
281,
200,
250,
190,
250,
120,
167,
280,
300,
Mean,210.0909091
Median,200
Std Dev,65.46671604
